{
  "template": {
    "screen_name": "payloads_dashboard",
    "status_bar": "default",
    "windowed_canvas": true,
    "cache_canvases": true,
    "button_map": {
      "a": "select",
      "b": "back",
      "up": "previous",
      "down": "next",
      "left": "previous_page",
      "right": "next_page"
    },
    "background": {
      "layers": [
        { "image_path": "assets/payloads_dashboard/payloads_bg.png", "x": 0, "y": 0 },
        { "variable_name": "$_LIST_SIZE", "x": 375, "y": 206, "string_template": {"text_size":"small","text_color_palette": "medium_gray", "center_text_within": { "draw_bounds": false, "start_x": 365, "end_x": 385, "start_y": 206, "end_y": 218 }}},
        { "variable_name": "$_LIST_PAGINATOR_LABEL_SHORT", "x": 390, "y": 206, "use_template": "list_pagination_label" }
      ]
    },
    "pages": [
      {
        "menu_items": [
          {
            "id": "Slot0",
            "layers": [
              { "variable_name": "$_LIST_ITEM", "x": 204, "y": 60,
                "string_template": { "text_size": "medium", "text_color_palette": "purple", "max_chars": 20, "wrap_text": false, "max_lines": 1 }},
              { "image_path": "assets/folder.png", "x": 177, "y": 58, "recolor_palette": "purple" }
            ],
            "selected_layers": [
              { "variable_name": "$_LIST_ITEM", "x": 204, "y": 60,
              "string_template": { "text_size": "medium", "text_color_palette": "yellow", "max_chars": 20, "wrap_text": false, "max_lines": 1 }},
              { "image_path": "assets/payloads_dashboard/arrow.png", "x": 154, "y": 62 },
              { "image_path": "assets/folder.png", "x": 177, "y": 58, "recolor_palette": "purple" }
            ],
            "target": "payloads_for_category_list",
            "variable": "$_LIST_ITEM"
          },
          {
            "id": "Slot1",
            "layers": [
              { "variable_name": "$_LIST_ITEM", "x": 206, "y": 89,
              "string_template": { "text_size": "medium", "text_color_palette": "purple", "max_chars": 20, "wrap_text": false, "max_lines": 1 }},
              { "image_path": "assets/folder.png", "x": 177, "y": 87, "recolor_palette": "purple" }
            ],
            "selected_layers": [
              { "variable_name": "$_LIST_ITEM", "x": 206, "y": 89,
              "string_template": { "text_size": "medium", "text_color_palette": "yellow", "max_chars": 20, "wrap_text": false, "max_lines": 1 }},
              { "image_path": "assets/payloads_dashboard/arrow.png", "x": 154, "y": 91 },
              { "image_path": "assets/folder.png", "x": 177, "y": 87, "recolor_palette": "purple" }
            ],
            "target": "payloads_for_category_list",
            "variable": "$_LIST_ITEM"
          },
          {
            "id": "Slot2",
            "layers": [
              { "variable_name": "$_LIST_ITEM", "x": 206, "y": 118,
              "string_template": { "text_size": "medium", "text_color_palette": "purple", "max_chars": 20, "wrap_text": false, "max_lines": 1 }},
              { "image_path": "assets/folder.png", "x": 177, "y": 116, "recolor_palette": "purple" }
            ],
            "selected_layers": [
              { "variable_name": "$_LIST_ITEM", "x": 206, "y": 118,
              "string_template": { "text_size": "medium", "text_color_palette": "yellow", "max_chars": 20, "wrap_text": false, "max_lines": 1 }},
              { "image_path": "assets/payloads_dashboard/arrow.png",  "x": 154, "y": 120 },
              { "image_path": "assets/folder.png", "x": 177, "y": 116, "recolor_palette": "purple" }
            ],
            "target": "payloads_for_category_list",
            "variable": "$_LIST_ITEM"
          },
          {
            "id": "Slot3",
            "layers": [
              { "variable_name": "$_LIST_ITEM", "x": 206, "y": 147,
              "string_template": { "text_size": "medium", "text_color_palette": "purple", "max_chars": 20, "wrap_text": false, "max_lines": 1 }},
              { "image_path": "assets/folder.png", "x": 177, "y": 146, "recolor_palette": "purple" }
            ],
            "selected_layers": [
              { "variable_name": "$_LIST_ITEM", "x": 206, "y": 147,
              "string_template": { "text_size": "medium", "text_color_palette": "yellow", "max_chars": 20, "wrap_text": false, "max_lines": 1 }},
              { "image_path": "assets/payloads_dashboard/arrow.png", "x": 154, "y": 149 },
              { "image_path": "assets/folder.png", "x": 177, "y": 146, "recolor_palette": "purple" }
            ],
            "target": "payloads_for_category_list",
            "variable": "$_LIST_ITEM"
          },
          {
            "id": "Slot4",
            "layers": [
              { "variable_name": "$_LIST_ITEM", "x": 206, "y": 176,
              "string_template": { "text_size": "medium", "text_color_palette": "purple", "max_chars": 20, "wrap_text": false, "max_lines": 1 }},
              { "image_path": "assets/folder.png", "x": 177, "y": 174, "recolor_palette": "purple" }
            ],
            "selected_layers": [
              { "variable_name": "$_LIST_ITEM", "x": 206, "y": 176,
              "string_template": { "text_size": "medium", "text_color_palette": "yellow", "max_chars": 20, "wrap_text": false, "max_lines": 1 }},
              { "image_path": "assets/payloads_dashboard/arrow.png", "x": 154, "y": 178 },
              { "image_path": "assets/folder.png", "x": 177, "y": 174, "recolor_palette": "purple" }
            ],
            "target": "payloads_for_category_list",
            "variable": "$_LIST_ITEM"
          }
        ]
      }
    ]
  }
}
