{
  "screen_name": "pineap_evilwpa_submenu",
  "status_bar": "default",
  "windowed_canvas": false,
  "cache_canvases": true,
  "button_map": {
    "a": "select",
    "b": "back",
    "up": "previous",
    "down": "next",
    "left": "back",
    "right": "noop"
  },
  "background": {
    "layers": [
      { "image_path": "assets/pineap_bg.png", "x": 0, "y": 0 },
      { "image_path": "assets/divright.png", "x": 140, "y": 50 },
      { "text": "PineAP",    "x": 10, "y": 50,  "text_color_palette": "gray" },
      { "text": "Open AP",   "x": 10, "y": 85,  "text_color_palette": "gray" },
      { "text": "Evil WPA",  "x": 10, "y": 120, "text_color_palette": "gray" },
      { "text": "SSID Pool", "x": 10, "y": 155, "text_color_palette": "yellow" },
      { "text": "Filters",   "x": 10, "y": 190, "text_color_palette": "gray" }
    ]
  },
  "pages": [
    {
      "page_index": 0,
      "menu_items": [
        {
          "id": "SSID Pool",
          "x":170,
          "y":50,
          "layers": [
            { "image_path": "assets/menu.png" },
            { "text": "SSID Pool", "x": 40, "text_color_palette": "purple" }
          ],
          "selected_layers": [
            { "image_path": "assets/menu.png" },
            { "text": "SSID Pool", "x": 40, "text_color_palette": "yellow" }
          ],
          "target": "pineap_ssid_pool_list",
          "variable": "$_PINEAP_SSID_POOL_LIST"
        },        {
          "id": "Add Network",
          "x":170,
          "y":85,
          "layers": [
            { "image_path": "assets/keyboard.png" },
            { "text": "Add Network", "x": 40, "text_color_palette": "purple" }
          ],
          "selected_layers": [
            { "image_path": "assets/keyboard.png" },
            { "text": "Add Network", "x": 40, "text_color_palette": "yellow" }
          ],
          "target": "edit_string_dialog",
          "variable": "$_PINEAP_SSID_POOL_ADD"
        },
        {
          "id": "Clear Pool",
          "x":170,
          "y":120,
          "layers": [
            { "image_path": "assets/warning.png" },
            { "text": "Clear Networks", "x": 40, "text_color_palette": "purple" }
          ],
          "selected_layers": [
            { "image_path": "assets/warning.png" },
            { "text": "Clear Networks", "x": 40, "text_color_palette": "yellow" }
          ],
          "target": "function_clear_pineap_ssid_pool_list"
        }
      ]
    }
  ]
}


































