{
  "screen_name": "pineap_openap_submenu",
  "status_bar": "default",
  "windowed_canvas": false,
  "cache_canvases": true,
  "button_map": {
    "a": "select",
    "b": "back",
    "up": "previous",
    "down": "next",
    "left": "back",
    "right": "noop"
  },
  "background": {
    "layers": [
      { "image_path": "assets/pineap_bg.png", "x": 0, "y": 0 },
      { "image_path": "assets/divright.png", "x": 140, "y": 50 },
      { "text": "PineAP",    "x": 10, "y": 50,  "text_color_palette": "gray" },
      { "text": "Open AP",   "x": 10, "y": 85,  "text_color_palette": "yellow" },
      { "text": "Evil WPA",  "x": 10, "y": 120, "text_color_palette": "gray" },
      { "text": "SSID Pool", "x": 10, "y": 155, "text_color_palette": "gray" },
      { "text": "Filters",   "x": 10, "y": 190, "text_color_palette": "gray" }
    ]
  },
  "pages": [
    {
      "page_index": 0,
      "menu_items": [
        {
          "id": "Open AP",
          "x":170,
          "y":50,
          "layers": [
            { "variable_name":  "$_OPEN_AP_ENABLED", "use_template": "toggle" },
            { "text": "Open AP", "x": 40, "text_color_palette": "purple" }
          ],
          "selected_layers": [
            { "variable_name":  "$_OPEN_AP_ENABLED", "use_template": "toggle" },
            { "text": "Open AP", "x": 40, "text_color_palette": "yellow" }
          ],
          "target": "inline_toggle",
          "variable": "$_OPEN_AP_ENABLED"
        },
        {
          "id": "Hidden",
          "x":170,
          "y":85,
          "layers": [
            { "variable_name":  "$_OPEN_AP_HIDDEN", "use_template": "toggle" },
            { "text": "Hidden", "x": 40, "text_color_palette": "purple" }
          ],
          "selected_layers": [
            { "variable_name":  "$_OPEN_AP_HIDDEN", "use_template": "toggle" },
            { "text": "Hidden", "x": 40, "text_color_palette": "yellow" }
          ],
          "target": "inline_toggle",
          "variable": "$_OPEN_AP_HIDDEN"
        },
        {
          "id": "Network Name",
          "x":170,
          "y":120,
          "layers": [
            { "image_path": "assets/keyboard.png" },
            { "text": "Network Name", "x": 40, "text_color_palette": "purple" }
          ],
          "selected_layers": [
            { "image_path": "assets/keyboard.png" },
            { "text": "Network Name", "x": 40, "text_color_palette": "yellow" }
          ],
          "target": "edit_string_dialog",
          "variable": "$_OPEN_AP_SSID"
        },
        {
          "id": "BSSID",
          "x":170,
          "y":155,
          "layers": [
            { "image_path": "assets/keyboard.png" },
            { "text": "BSSID Override", "x": 40, "text_color_palette": "purple" }
          ],
          "selected_layers": [
            { "image_path": "assets/keyboard.png" },
            { "text": "BSSID Override", "x": 40, "text_color_palette": "yellow" }
          ],
          "target": "edit_mac_dialog",
          "variable": "$_OPEN_AP_BSSID"
        }
      ]
    }
  ]
}


































