{
  "screen_name": "pineap_pineap_submenu",
  "status_bar": "default",
  "windowed_canvas": false,
  "cache_canvases": true,
  "button_map": {
    "a": "select",
    "b": "back",
    "up": "previous",
    "down": "next",
    "left": "back",
    "right": "noop"
  },
  "background": {
    "layers": [
      { "image_path": "assets/pineap_bg.png", "x": 0, "y": 0 },
      { "image_path": "assets/divright.png", "x": 140, "y": 50 },
      { "text": "PineAP",    "x": 10, "y": 50,  "text_color_palette": "yellow" },
      { "text": "Open AP",   "x": 10, "y": 85,  "text_color_palette": "gray" },
      { "text": "Evil WPA",  "x": 10, "y": 120, "text_color_palette": "gray" },
      { "text": "SSID Pool", "x": 10, "y": 155, "text_color_palette": "gray" },
      { "text": "Filters",   "x": 10, "y": 190, "text_color_palette": "gray" }
    ]
  },
  "pages": [
    {
      "page_index": 0,
      "menu_items": [
        {
          "id": "Mimic Open Networks",
          "x":170,
          "y":50,
          "layers": [
            { "variable_name":  "$_PINEAP_IMPERSONATE_NETWORKS", "use_template": "toggle" },
            { "text": "Mimic Open Networks", "x": 40, "text_color_palette": "purple" }
          ],
          "selected_layers": [
            { "variable_name":  "$_PINEAP_IMPERSONATE_NETWORKS", "use_template": "toggle" },
            { "text": "Mimic Open Networks", "x": 40, "text_color_palette": "yellow" }
          ],
          "target": "inline_toggle",
          "variable": "$_PINEAP_IMPERSONATE_NETWORKS"
        },
        {
          "id": "Collect Probes",
          "x":170,
          "y":85,
          "layers": [
            { "variable_name":  "$_PINEAP_COLLECT_NETWORKS", "use_template": "toggle" },
            { "text": "Collect Probes", "x": 40, "text_color_palette": "purple" }
          ],
          "selected_layers": [
            { "variable_name":  "$_PINEAP_COLLECT_NETWORKS", "use_template": "toggle" },
            { "text": "Collect Probes", "x": 40, "text_color_palette": "yellow" }
          ],
          "target": "inline_toggle",
          "variable": "$_PINEAP_COLLECT_NETWORKS"
        },
        {
          "id": "Advertise Networks",
          "x":170,
          "y":120,
          "layers": [
            { "variable_name":  "$_PINEAP_ADVERTISE_NETWORKS", "use_template": "toggle" },
            { "text": "Advertise Networks", "x": 40, "text_color_palette": "purple" }
          ],
          "selected_layers": [
            { "variable_name":  "$_PINEAP_ADVERTISE_NETWORKS", "use_template": "toggle" },
            { "text": "Advertise Networks", "x": 40, "text_color_palette": "yellow" }
          ],
          "target": "inline_toggle",
          "variable": "$_PINEAP_ADVERTISE_NETWORKS"
        },
        {
          "id": "Randomize Address",
          "x":170,
          "y":155,
          "layers": [
            { "variable_name":  "$_PINEAP_RANDOMIZE_MAC_ADDRESS", "use_template": "toggle" },
            { "text": "Randomize Address", "x": 40, "text_color_palette": "purple" }
          ],
          "selected_layers": [
            { "variable_name":  "$_PINEAP_RANDOMIZE_MAC_ADDRESS", "use_template": "toggle" },
            { "text": "Randomize Address", "x": 40, "text_color_palette": "yellow" }
          ],
          "target": "inline_toggle",
          "variable": "$_PINEAP_RANDOMIZE_MAC_ADDRESS"
        },
        {
          "id": "Collect Handshakes",
          "x":170,
          "y":190,
          "layers": [
            { "variable_name":  "$_PINEAP_COLLECT_HANDSHAKES", "use_template": "toggle" },
            { "text": "Collect Handshakes", "x": 40, "text_color_palette": "purple" },
            { "image_path": "assets/down.png", "x": -20, "y": 10, "recolor_palette": "gray"}
          ],
          "selected_layers": [
            { "variable_name":  "$_PINEAP_COLLECT_HANDSHAKES", "use_template": "toggle" },
            { "text": "Collect Handshakes", "x": 40, "text_color_palette": "yellow" },
            { "image_path": "assets/down.png", "x": -20, "y": 10, "recolor_palette": "gray"}
          ],
          "target": "inline_toggle",
          "variable": "$_PINEAP_COLLECT_HANDSHAKES"
        }
      ]
    },
    {
      "page_index": 1,
      "menu_items": [
        {
          "id": "Wigle Mode",
          "x":170,
          "y":50,
          "layers": [
            { "variable_name":  "$_WIGLE_MODE_ENABLED", "use_template": "toggle" },
            { "text": "Wigle Mode", "x": 40, "text_color_palette": "purple" },
            { "image_path": "assets/up.png", "x": -20, "y": -4, "recolor_palette": "gray"}
          ],
          "selected_layers": [
            { "variable_name":  "$_WIGLE_MODE_ENABLED", "use_template": "toggle" },
            { "text": "Wigle Mode", "x": 40, "text_color_palette": "yellow" },
            { "image_path": "assets/up.png", "x": -20, "y": -4, "recolor_palette": "gray"}
          ],
          "target": "inline_toggle",
          "variable": "$_WIGLE_MODE_ENABLED"
        }
      ]
    }
  ]
}


































