{
  "screen_name": "settings_general_submenu",
  "status_bar": "network",
  "windowed_canvas": false,
  "cache_canvases": true,
  "button_map": {
    "a": "select",
    "b": "back",
    "up": "previous",
    "down": "next",
    "left": "back",
    "right": "noop"
  },
  "background": {
    "layers": [
      { "image_path": "assets/settings_bg.png", "x": 0, "y": 0 },
      { "image_path": "assets/divright.png", "x": 140, "y": 50 },
      { "text": "General",  "x": 10, "y": 50,  "text_color_palette": "gray" },
      { "text": "Display",  "x": 10, "y": 85,  "text_color_palette": "gray" },
      { "text": "Ringtone", "x": 10, "y": 120, "text_color_palette": "gray" },
      { "text": "Network",  "x": 10, "y": 155, "text_color_palette": "yellow" },
      { "text": "System",   "x": 10, "y": 190, "text_color_palette": "gray" }
    ]
  },
  "pages": [

    {
      "page_index": 1,
      "menu_items": [
        {
          "id": "Client Mode Toggle",
          "x":170,
          "y":50,
          "layers": [
            { "variable_name":  "$_WIFI_CLIENT_MODE_ENABLED", "use_template": "toggle" },
            { "text": "Client Mode", "x": 40, "text_color_palette": "purple" }
          ],
          "selected_layers": [
            { "variable_name":  "$_WIFI_CLIENT_MODE_ENABLED", "use_template": "toggle" },
            { "text": "Client Mode", "x": 40, "text_color_palette": "yellow" }
          ],
          "target": "inline_toggle",
          "variable": "$_WIFI_CLIENT_MODE_ENABLED"
        },
        {
          "id": "Client Mode Setup",
          "x":170,
          "y":85,
          "layers": [
            { "image_path": "assets/wizard.png" },
            { "text": "Client Mode Setup", "x": 40, "text_color_palette": "purple" }
          ],
          "selected_layers": [
            { "image_path": "assets/wizard.png" },
            { "text": "Client Mode Setup", "x": 40, "text_color_palette": "yellow" }
          ],
          "target": "client_mode_wizard"
        },
        {
          "id": "Management AP Toggle",
          "x":170,
          "y":120,
          "layers": [
            { "variable_name":  "$_WIFI_MGMT_AP_ENABLED", "use_template": "toggle" },
            { "text": "Management AP", "x": 40, "text_color_palette": "purple" }
          ],
          "selected_layers": [
            { "variable_name":  "$_WIFI_MGMT_AP_ENABLED", "use_template": "toggle" },
            { "text": "Management AP", "x": 40, "text_color_palette": "yellow" }
          ],
          "target": "inline_toggle",
          "variable": "$_WIFI_MGMT_AP_ENABLED"
        },
        {
          "id": "Management AP Setup",
          "x":170,
          "y":155,
          "layers": [
            { "image_path": "assets/wizard.png" },
            { "text": "Management AP Setup", "x": 40, "text_color_palette": "purple" }
          ],
          "selected_layers": [
            { "image_path": "assets/wizard.png" },
            { "text": "Management AP Setup", "x": 40, "text_color_palette": "yellow" }
          ],
          "target": "management_ap_wizard"
        },
        {
          "id": "Hostname",
          "x":170,
          "y":190,
          "layers": [
            { "image_path": "assets/keyboard.png" },
            { "text": "Hostname", "x": 40, "text_color_palette": "purple" },
            { "image_path": "assets/down.png", "x": -20, "y": 10, "recolor_palette": "gray"}
          ],
          "selected_layers": [
            { "image_path": "assets/keyboard.png" },
            { "text": "Hostname", "x": 40, "text_color_palette": "yellow" },
            { "image_path": "assets/down.png", "x": -20, "y": 10, "recolor_palette": "gray"}
          ],
          "target": "edit_string_dialog",
          "variable": "$_HOSTNAME"
        }
      ]
    },
    {
      "page_index": 0,
      "menu_items": [
        {
          "id": "6 GHz",
          "x":170,
          "y":50,
          "layers": [
            { "variable_name":  "$_6Ghz_ENABLED", "use_template": "toggle" },
            { "text": "6 GHz", "x": 40, "text_color_palette": "purple" },
            { "image_path": "assets/up.png", "x": -20, "y": -4, "recolor_palette": "gray"}
          ],
          "selected_layers": [
            { "variable_name":  "$_6Ghz_ENABLED", "use_template": "toggle" },
            { "text": "6 GHz", "x": 40, "text_color_palette": "yellow" },
            { "image_path": "assets/up.png", "x": -20, "y": -4, "recolor_palette": "gray"}
          ],
          "target": "inline_toggle",
          "variable": "$_6Ghz_ENABLED"
        },
        {
          "id": "5 GHz",
          "x":170,
          "y":85,
          "layers": [
            { "variable_name":  "$_5Ghz_ENABLED", "use_template": "toggle" },
            { "text": "5 GHz", "x": 40, "text_color_palette": "purple" }
          ],
          "selected_layers": [
            { "variable_name":  "$_5Ghz_ENABLED", "use_template": "toggle" },
            { "text": "5 GHz", "x": 40, "text_color_palette": "yellow" }
          ],
          "target": "inline_toggle",
          "variable": "$_5Ghz_ENABLED"
        },
        {
          "id": "2.4 GHz",
          "x":170,
          "y":120,
          "layers": [
            { "variable_name":  "$_2.4Ghz_ENABLED", "use_template": "toggle" },
            { "text": "2.4 GHz", "x": 40, "text_color_palette": "purple" }
          ],
          "selected_layers": [
            { "variable_name":  "$_2.4Ghz_ENABLED", "use_template": "toggle" },
            { "text": "2.4 GHz", "x": 40, "text_color_palette": "yellow" }
          ],
          "target": "inline_toggle",
          "variable": "$_2.4Ghz_ENABLED"
        },
        {
          "id": "Bluetooth",
          "x":170,
          "y":155,
          "layers": [
            { "variable_name":  "$_BLUETOOTH_ENABLED", "use_template": "toggle" },
            { "text": "Bluetooth", "x": 40, "text_color_palette": "purple" }
          ],
          "selected_layers": [
            { "variable_name":  "$_BLUETOOTH_ENABLED", "use_template": "toggle" },
            { "text": "Bluetooth", "x": 40, "text_color_palette": "yellow" }
          ],
          "target": "inline_toggle",
          "variable": "$_BLUETOOTH_ENABLED"
        }
      ]
    }

  ]
}