{
  "screen_name": "settings_general_submenu",
  "status_bar": "default",
  "windowed_canvas": false,
  "cache_canvases": true,
  "button_map": {
    "a": "select",
    "b": "back",
    "up": "previous",
    "down": "next",
    "left": "back",
    "right": "noop"
  },
  "background": {
    "layers": [
      { "image_path": "assets/settings_bg.png", "x": 0, "y": 0 },
      { "image_path": "assets/divright.png", "x": 140, "y": 50 },
      { "text": "General",  "x": 10, "y": 50,  "text_color_palette": "yellow" },
      { "text": "Display",  "x": 10, "y": 85,  "text_color_palette": "gray" },
      { "text": "Ringtone", "x": 10, "y": 120, "text_color_palette": "gray" },
      { "text": "Network",  "x": 10, "y": 155, "text_color_palette": "gray" },
      { "text": "System",   "x": 10, "y": 190, "text_color_palette": "gray" }
    ]
  },
  "pages": [
    {
      "page_index": 0,
      "menu_items": [
        {
          "id": "Volume",
          "x":170,
          "y":50,
          "layers": [
            { "image_path": "assets/menu.png" },
            { "text": "Volume", "x": 40, "text_color_palette": "purple" }
          ],
          "selected_layers": [
            { "image_path": "assets/menu.png" },
            { "text": "Volume", "x": 40, "text_color_palette": "yellow" }
          ],
          "target": "option_dialog_narrow",
          "variable": "$_VOLUME"
        },
        {
          "id": "Vibrate",
          "x":170,
          "y":85,
          "layers": [
            { "variable_name":  "$_VIBRATE", "use_template": "toggle" },
            { "text": "Vibrate", "x": 40, "text_color_palette": "purple" }
          ],
          "selected_layers": [
            { "variable_name":  "$_VIBRATE", "use_template": "toggle" },
            { "text": "Vibrate", "x": 40, "text_color_palette": "yellow" }
          ],
          "target": "inline_toggle",
          "variable": "$_VIBRATE"
        },
        {
          "id": "Vibrate w/ Ringtone",
          "x":170,
          "y":120,
          "layers": [
            { "variable_name":  "$_RINGTONE_VIBRATE", "use_template": "toggle" },
            { "text": "Vibrate w/ Ringtone", "x": 40, "text_color_palette": "purple" }
          ],
          "selected_layers": [
            { "variable_name":  "$_RINGTONE_VIBRATE", "use_template": "toggle" },
            { "text": "Vibrate w/ Ringtone", "x": 40, "text_color_palette": "yellow" }
          ],
          "target": "inline_toggle",
          "variable": "$_RINGTONE_VIBRATE"
        },
        {
          "id": "Theme",
          "x":170,
          "y":155,
          "layers": [
            { "image_path": "assets/menu.png" },
            { "text": "Theme", "x": 40, "text_color_palette": "purple" }
          ],
          "selected_layers": [
            { "image_path": "assets/menu.png" },
            { "text": "Theme", "x": 40, "text_color_palette": "yellow" }
          ],
          "target": "option_dialog",
          "variable": "$_THEME"
        },
        {
          "id": "DPADLED",
          "x":170,
          "y":190,
          "layers": [
            { "image_path": "assets/menu.png" },
            { "text": "D-Pad LED", "x": 40, "text_color_palette": "purple" }
          ],
          "selected_layers": [
            { "image_path": "assets/menu.png" },
            { "text": "D-Pad LED", "x": 40, "text_color_palette": "yellow" }
          ],
          "target": "option_dialog_narrow",
          "variable": "$_DPAD_LED_COLOR"
        }
      ]
    }
  ]

}

















































