{
  "screen_name": "settings_general_submenu",
  "status_bar": "default",
  "windowed_canvas": false,
  "cache_canvases": true,
  "button_map": {
    "a": "select",
    "b": "back",
    "up": "previous",
    "down": "next",
    "left": "back",
    "right": "noop"
  },
  "background": {
    "layers": [
      { "image_path": "assets/settings_bg.png", "x": 0, "y": 0 },
      { "image_path": "assets/divright.png", "x": 140, "y": 50 },
      { "text": "General",  "x": 10, "y": 50,  "text_color_palette": "gray" },
      { "text": "Display",  "x": 10, "y": 85,  "text_color_palette": "gray" },
      { "text": "Ringtone", "x": 10, "y": 120, "text_color_palette": "yellow" },
      { "text": "Network",  "x": 10, "y": 155, "text_color_palette": "gray" },
      { "text": "System",   "x": 10, "y": 190, "text_color_palette": "gray" }
    ]
  },
  "pages": [
    {
      "page_index": 0,
      "menu_items": [
        {
          "id": "Alert",
          "x":170,
          "y":50,
          "layers": [
            { "image_path": "assets/menu.png" },
            { "text": "Alert", "x": 40, "text_color_palette": "purple" }
          ],
          "selected_layers": [
            { "image_path": "assets/menu.png" },
            { "text": "Alert", "x": 40, "text_color_palette": "yellow" }
          ],
          "target": "option_dialog",
          "variable": "$_ALERT_RINGTONE"
        },
        {
          "id": "Boot",
          "x":170,
          "y":85,
          "layers": [
            { "image_path": "assets/menu.png" },
            { "text": "Boot", "x": 40, "text_color_palette": "purple" }
          ],
          "selected_layers": [
            { "image_path": "assets/menu.png" },
            { "text": "Boot", "x": 40, "text_color_palette": "yellow" }
          ],
          "target": "option_dialog",
          "variable": "$_BOOT_RINGTONE"
        },
        {
          "id": "Battery Low",
          "x":170,
          "y":120,
          "layers": [
            { "image_path": "assets/menu.png" },
            { "text": "Battery Low", "x": 40, "text_color_palette": "purple" }
          ],
          "selected_layers": [
            { "image_path": "assets/menu.png" },
            { "text": "Battery Low", "x": 40, "text_color_palette": "yellow" }
          ],
          "target": "option_dialog",
          "variable": "$_BATTERY_LOW_RINGTONE"
        },
        {
          "id": "Battery Critical",
          "x":170,
          "y":155,
          "layers": [
            { "image_path": "assets/menu.png" },
            { "text": "Battery Critical", "x": 40, "text_color_palette": "purple" }
          ],
          "selected_layers": [
            { "image_path": "assets/menu.png" },
            { "text": "Battery Critical", "x": 40, "text_color_palette": "yellow" }
          ],
          "target": "option_dialog",
          "variable": "$_BATTERY_CRITICAL_RINGTONE"
        },
        {
          "id": "Power Connected",
          "x":170,
          "y":190,
          "layers": [
            { "image_path": "assets/menu.png" },
            { "text": "Power Connected", "x": 40, "text_color_palette": "purple" },
            { "image_path": "assets/down.png", "x": -20, "y": 10, "recolor_palette": "gray"}
          ],
          "selected_layers": [
            { "image_path": "assets/menu.png" },
            { "text": "Power Connected", "x": 40, "text_color_palette": "yellow" },
            { "image_path": "assets/down.png", "x": -20, "y": 10, "recolor_palette": "gray"}
          ],
          "target": "option_dialog",
          "variable": "$_POWER_CONNECTED_RINGTONE"
        }
      ]
    },
    {
      "page_index": 1,
      "menu_items": [
        {
          "id": "Power Disconnected",
          "x":170,
          "y":50,
          "layers": [
            { "image_path": "assets/menu.png" },
            { "text": "Power Disconnected", "x": 40, "text_color_palette": "purple" },
            { "image_path": "assets/up.png", "x": -20, "y": -4, "recolor_palette": "gray"}
          ],
          "selected_layers": [
            { "image_path": "assets/menu.png" },
            { "text": "Power Disconnected", "x": 40, "text_color_palette": "yellow" },
            { "image_path": "assets/up.png", "x": -20, "y": -4, "recolor_palette": "gray"}
          ],
          "target": "option_dialog",
          "variable": "$_POWER_DISCONNECTED_RINGTONE"
        },
        {
          "id": "Payload Complete",
          "x":170,
          "y":85,
          "layers": [
            { "image_path": "assets/menu.png" },
            { "text": "Payload Complete", "x": 40, "text_color_palette": "purple" }
          ],
          "selected_layers": [
            { "image_path": "assets/menu.png" },
            { "text": "Payload Complete", "x": 40, "text_color_palette": "yellow" }
          ],
          "target": "option_dialog",
          "variable": "$_PAYLOAD_COMPLETE_RINGTONE"
        },
        {
          "id": "Error",
          "x":170,
          "y":120,
          "layers": [
            { "image_path": "assets/menu.png" },
            { "text": "Error", "x": 40, "text_color_palette": "purple" }
          ],
          "selected_layers": [
            { "image_path": "assets/menu.png" },
            { "text": "Error", "x": 40, "text_color_palette": "yellow" }
          ],
          "target": "option_dialog",
          "variable": "$_ERROR_RINGTONE"
        }
      ]
    }
  ]
}










































