{
  "screen_name": "settings_general_submenu",
  "status_bar": "default",
  "windowed_canvas": false,
  "cache_canvases": true,
  "button_map": {
    "a": "select",
    "b": "back",
    "up": "previous",
    "down": "next",
    "left": "back",
    "right": "noop"
  },
  "background": {
    "layers": [
      { "image_path": "assets/settings_bg.png", "x": 0, "y": 0 },
      { "image_path": "assets/divright.png", "x": 140, "y": 50 },
      { "text": "General",  "x": 10, "y": 50,  "text_color_palette": "gray" },
      { "text": "Display",  "x": 10, "y": 85,  "text_color_palette": "yellow" },
      { "text": "Ringtone", "x": 10, "y": 120, "text_color_palette": "gray" },
      { "text": "Network",  "x": 10, "y": 155, "text_color_palette": "gray" },
      { "text": "System",   "x": 10, "y": 190, "text_color_palette": "gray" }
    ]
  },
  "pages": [
    {
      "page_index": 0,
      "menu_items": [
        {
          "id": "Brightness",
          "x":170,
          "y":50,
          "layers": [
            { "image_path": "assets/menu.png" },
            { "text": "Brightness", "x": 40, "text_color_palette": "purple" }
          ],
          "selected_layers": [
            { "image_path": "assets/menu.png" },
            { "text": "Brightness", "x": 40, "text_color_palette": "yellow" }
          ],
          "target": "option_dialog_narrow",
          "variable": "$_BRIGHTNESS"
        },
        {
          "id": "Screen Timeout",
          "x":170,
          "y":85,
          "layers": [
            { "image_path": "assets/menu.png" },
            { "text": "Screen Timeout", "x": 40, "text_color_palette": "purple" }
          ],
          "selected_layers": [
            { "image_path": "assets/menu.png" },
            { "text": "Screen Timeout", "x": 40, "text_color_palette": "yellow" }
          ],
          "target": "option_dialog",
          "variable": "$_SCREEN_OFF_TIMEOUT"
        },
        {
          "id": "Dim Brightness",
          "x":170,
          "y":120,
          "layers": [
            { "image_path": "assets/menu.png" },
            { "text": "Dim Brightness", "x": 40, "text_color_palette": "purple" }
          ],
          "selected_layers": [
            { "image_path": "assets/menu.png" },
            { "text": "Dim Brightness", "x": 40, "text_color_palette": "yellow" }
          ],
          "target": "option_dialog_narrow",
          "variable": "$_DIM_BRIGHTNESS"
        },
        {
          "id": "Dim Timeout",
          "x":170,
          "y":155,
          "layers": [
            { "image_path": "assets/menu.png" },
            { "text": "Dim Timeout", "x": 40, "text_color_palette": "purple" }
          ],
          "selected_layers": [
            { "image_path": "assets/menu.png" },
            { "text": "Dim Timeout", "x": 40, "text_color_palette": "yellow" }
          ],
          "target": "option_dialog",
          "variable": "$_SCREEN_DIM_TIMEOUT"
        }
      ]
    }
  ]

}

















































