{
  "background": {
    "cache_canvases": false,
    "layers": [],
    "background_color": { "r": 0, "g": 0, "b": 0 }
  },
  "status_bar_items": {
    "Time": {
      "x": 400,
      "y": 7,
      "layers": {
        "default": []
      },
      "recolor_palette": "dark_purple"
    },
    "Battery": {
      "x": 346,
      "y": 7,
      "layers": {
        "discharging":  [{ "image_path": "assets/statusbar/dashboard_battery_text.png",       "x": 4, "y": -2 }],
        "charging_25":  [{ "image_path": "assets/statusbar/dashboard_battery_charge_25.png",  "x": 4, "y": -2 }],
        "charging_50":  [{ "image_path": "assets/statusbar/dashboard_battery_charge_50.png",  "x": 4, "y": -2 }],
        "charging_75":  [{ "image_path": "assets/statusbar/dashboard_battery_charge_75.png",  "x": 4, "y": -2 }],
        "charging_100": [{ "image_path": "assets/statusbar/dashboard_battery_charge_100.png", "x": 4, "y": -2 }],
        "charged":      [{ "image_path": "assets/statusbar/dashboard_battery_full.png",       "x": 4, "y": -2 }]
      }
    }
  }
}
