{
  "screen_name": "launch_payload_dialog",
  "status_bar": "default",
  "windowed_canvas": true,
  "cache_canvases": true,
  "button_map": {
    "a": "select",
    "b": "back",
    "up": "previous",
    "down": "next",
    "left": "back",
    "right": "noop"
  },
  "background": {
    "layers": [
      { "image_path": "assets/launch_payload_dialog/launch_payload_bg.png", "x": 0, "y": 0 },
      { "variable_name": "$_INPUT_NAME", "x":  30, "y": 76, "string_template": {"text_size": "medium", "max_chars": 22, "wrap_text": false, "max_lines": 1 }}
    ]
  },
  "menu_items": [
    {
      "id": "Launch",
      "layers": [
        { "image_path": "assets/payload_dialog_option_bg.png","x": 28, "y": 107 },
        { "image_path": "assets/flame.png","x": 92, "y": 149 },
        { "text": "Launch", "x": 47, "y": 115, "text_color_palette": "purple", "text_size": "large" }
      ],
      "selected_layers": [
        { "image_path": "assets/payload_dialog_option_bg.png","x": 28, "y": 107 },
        { "image_path": "assets/flame.png","x": 92, "y": 149, "recolor_palette":  "green" },
        { "image_path": "assets/payload_dialog_selected_box.png","x": 28, "y": 107 },
        { "text": "Launch", "x": 47, "y": 115, "text_color_palette": "green", "text_size": "large" }
      ],
      "target": "launch_payload",
      "variable": "$_INPUT",
      "animation": [
        { "image_path": "assets/launch_payload_dialog/animation/anim_frame_1.png","x": 335, "y": 59 },
        { "image_path": "assets/launch_payload_dialog/animation/anim_frame_2.png","x": 335, "y": 59 }
      ]
    },
    {
      "id": "Cancel",
      "layers": [
        { "image_path": "assets/payload_dialog_option_bg.png","x": 172, "y": 107 },
        { "image_path": "assets/x.png","x": 233, "y": 150 },
        { "text": "Cancel", "x": 194, "y": 115, "text_color_palette": "purple", "text_size": "large" }
      ],
      "selected_layers": [
        { "image_path": "assets/payload_dialog_option_bg.png","x": 172, "y": 107 },
        { "image_path": "assets/x.png","x": 233, "y": 150, "recolor_palette":  "red" },
        { "image_path": "assets/payload_dialog_selected_box.png","x": 172, "y": 107 },
        { "text": "Cancel", "x": 194, "y": 115, "text_color_palette": "red", "text_size": "large" }
      ],
      "target": "back"
    }
  ]
}
